flight,AR
1399,0.8170511597092032
1400,0.8128522057014417
1401,0.8074293129130683
1402,0.8022066613706783
1403,0.7969426059868225
1404,0.7920256008254549
1405,0.7874455429352379
1406,0.7832687198339066
1407,0.7794464795152232
1408,0.7759257880115239
1409,0.7726238903435102
1410,0.7694607323171343
1411,0.7663607987880271
1412,0.76326341743416
1413,0.7601242186983102
1414,0.7569162318574126
