flight,GPR
1399,0.8124639900645159
1400,0.8090588469678517
1401,0.8056529504142
1402,0.802246416565104
1403,0.7988393615184846
1404,0.7954319012906308
1405,0.7920241517969506
1406,0.7886162288326632
1407,0.7852082480547984
1408,0.7818003249664462
1409,0.7783925749042946
1410,0.7749851130300023
1411,0.7715780543255546
1412,0.7681715135925091
1413,0.7647656054545493
1414,0.7613604443623649
